https://ev.io/ , https://twitter.com/play_evio , https://discord.gg/PsqyKjDKBZ
https://www.leagueofkingdoms.com , https://twitter.com/LeagueKingdoms , https://discord.gg/LEAGUEOFKINGDOMS
https://bigtime.gg/ , https://twitter.com/playbigtime , https://discord.gg/bigtime
https://champions.io , https://twitter.com/championsio , https://discord.com/invite/championsascension
https://axieinfinity.com , https://twitter.com/AxieInfinity , https://discord.com/invite/axie
https://www.sandbox.game , https://twitter.com/thesandboxgame , https://discord.gg/vAe4zvY
https://splinterlands.com , https://twitter.com/splinterlands , https://discord.gg/splinterlands
https://illuvium.io , https://twitter.com/illuviumio , https://discord.com/invite/illuvium
https://castlecrushgame.com/ , https://twitter.com/playcastlecrush , https://discord.gg/castlecrush
https://www.castaways.com/ , https://twitter.com/castaways_gg , https://discord.com/invite/castaways
https://www.cryptounicorns.fun , https://twitter.com/crypto_unicorns , https://discord.gg/xSAAjcEWRU
https://www.pixels.xyz/ , https://twitter.com/pixels_online , https://discord.com/invite/pixels
https://mypethooligan.com , https://twitter.com/mypethooligan , https://discord.gg/mypethooligan